{
    "livres":[
        {
            "titre":"1984",
            "auteurs":["George Orwell"],
            "isbn":"978-2-07-036822-8",
            "image":"../image/bd1.jpg",
            "editeur":"Gallimard",
            "datePublication":"1949",
            "genre":"Dystopie ,Science-fiction",
            "resume":"Un homme lutte contre un régime totalitaire oppressif dans un monde dystopique.",
            "langue":"Français",
            "nombrePages":368,
            "disponibilite":false,
            "etat":"Endommagé",
            "emplacement":"Réserves"
        },
        {
            "titre":"hello",
            "auteurs":["George Orwell"],
            "isbn":"978-2-07-036822-8",
            "image":"../image/bd2.jpg",
            "editeur":"Gallimard",
            "datePublication":"1949",
            "genre":"Dystopie ,Science-fiction",
            "resume":"Un homme lutte contre un régime totalitaire oppressif dans un monde dystopique.",
            "langue":"Français",
            "nombrePages":368,
            "disponibilite":false,
            "etat":"Endommagé",
            "emplacement":"Réserves"
        },
        {
            "titre":"naruto",
            "auteurs":["George Orwell"],
            "isbn":"978-2-07-036822-8",
            "image":"../image/Bibliothèque verte5.jpeg",
            "editeur":"Gallimard",
            "datePublication":"1949",
            "genre":"Dystopie ,Science-fiction",
            "resume":"Un homme lutte contre un régime totalitaire oppressif dans un monde dystopique.",
            "langue":"Français",
            "nombrePages":368,
            "disponibilite":false,
            "etat":"Endommagé",
            "emplacement":"Réserves"
        },
        {
            "titre":"science fiction",
            "auteurs":["George Orwell"],
            "isbn":"978-2-07-036822-8",
            "image":"../image/science fiction1.jpg",
            "editeur":"Gallimard",
            "datePublication":"1949",
            "genre":"Dystopie ,Science-fiction",
            "resume":"Un homme lutte contre un régime totalitaire oppressif dans un monde dystopique.",
            "langue":"Français",
            "nombrePages":368,
            "disponibilite":false,
            "etat":"Endommagé",
            "emplacement":"Réserves"
        }
    ]
}